id,name,amount
1,Alpha,100
2,Beta,200
id,name,amount
1,Alpha,100
2,Beta,200
id,name,amount
1,Alpha,100
2,Beta,200
id,name,amount
1,Alpha,100
2,Beta,200
id,name,amount
1,Alpha,100
2,Beta,200
id,name,amount
1,Alpha,100
2,Beta,200
id,name,amount
1,Alpha,100
2,Beta,200
id,name,amount
1,Alpha,100
2,Beta,200
id,name,amount
1,Alpha,100
2,Beta,200
id,name,amount
1,Alpha,100
2,Beta,200
id,name,amount
1,Alpha,100
2,Beta,200
id,name,amount
1,Alpha,100
2,Beta,200
id,name,amount
1,Alpha,100
2,Beta,200
id,name,amount
1,Alpha,100
2,Beta,200
id,name,amount
1,Alpha,100
2,Beta,200
id,name,amount
1,Alpha,100
2,Beta,200
id,name,amount
1,Alpha,100
2,Beta,200
id,name,amount
1,Alpha,100
2,Beta,200
id,name,amount
1,Alpha,100
2,Beta,200
id,name,amount
1,Alpha,100
2,Beta,200
